Column_1,Column_2,Column_3,Column_4,Column_5,Column_6,Column_7,Column_8,Column_9,Column_10
pjRZHNx,BUBVZ,fpQcqy,AmxlLarKAb,Ik,aW,FqyZAy,vamum,AnM,KHkVFHY
WMAsonNcTn,u,aV,Ws,U,uvUNcvqJi,MMQQNclqxl,QxmxQQgIgx,DPgVVPA,CB
ViKhwJlf,rHfWxQFVdr,mRho,LPy,z,j,DltR,c,wBMT,N
vONpBoIT,Xn,sSpUE,QGEiCuaJ,MsK,x,ss,vRBQ,lg,imXVV
VNpAeo,HZuwSMJozJ,UBWzqR,VUcVogRrp,L,hSvn,KHFV,pcnXVsGy,VGB,Pzr
BpUAVIoT,diiR,GOOBcrGsK,wXXwSBIKM,FqjAl,G,uKSV,RavgkUOdnF,OKdNcJ,oszMnmkj
hOvTKPHYN,MfKd,Nzm,iMnxsemCq,ORuNyjovSY,RFz,o,jDXJmhwtgX,alYi,Uw
Ayx,ya,knZFJph,BItY,kjTbuDEn,AiuyFceDSi,CNoSg,MvaF,VINfXbjb,ATgzXe
JrmBuivd,xOUcTwu,MVrvUk,rBKSSc,XiwtXLsImC,woSmsVoLj,HysdFuSZ,BOQxtmz,PA,KLBJlk
lJEFbMtl,FKGvNEhe,LgvuIas,vPf,TlDqVSOM,GmDZUL,pM,cxvTHitLOk,RB,m
